{"mean":{"confidence_interval":{"confidence_level":0.95,"lower_bound":30854439.129,"upper_bound":35437593.284875},"point_estimate":33084075.175,"standard_error":1170862.2295385124},"median":{"confidence_interval":{"confidence_level":0.95,"lower_bound":29342418.0,"upper_bound":32289862.5},"point_estimate":31503539.25,"standard_error":834784.6177121047},"median_abs_dev":{"confidence_interval":{"confidence_level":0.95,"lower_bound":6943619.094926119,"upper_bound":13038069.418027997},"point_estimate":9918563.059960306,"standard_error":1771595.6135051572},"slope":null,"std_dev":{"confidence_interval":{"confidence_level":0.95,"lower_bound":9498411.771894712,"upper_bound":13903764.956126928},"point_estimate":11742288.633896712,"standard_error":1130452.6651836163}}