{"mean":{"confidence_interval":{"confidence_level":0.95,"lower_bound":24772504.2355,"upper_bound":28415869.294125},"point_estimate":26553566.05,"standard_error":931629.2808930862},"median":{"confidence_interval":{"confidence_level":0.95,"lower_bound":22642188.0,"upper_bound":26548260.75},"point_estimate":24524561.5,"standard_error":1021991.2786282845},"median_abs_dev":{"confidence_interval":{"confidence_level":0.95,"lower_bound":5348365.6154975295,"upper_bound":9746236.017219722},"point_estimate":7717522.196486592,"standard_error":1133957.8189014846},"slope":null,"std_dev":{"confidence_interval":{"confidence_level":0.95,"lower_bound":7506439.331771823,"upper_bound":11218450.520085203},"point_estimate":9395448.237321623,"standard_error":954938.2087280799}}