{"mean":{"confidence_interval":{"confidence_level":0.95,"lower_bound":19051530.494083326,"upper_bound":21303058.77941667},"point_estimate":20162593.619999997,"standard_error":575156.5823635279},"median":{"confidence_interval":{"confidence_level":0.95,"lower_bound":17342178.833333336,"upper_bound":21274536.666666668},"point_estimate":19564219.333333332,"standard_error":1101617.0028554301},"median_abs_dev":{"confidence_interval":{"confidence_level":0.95,"lower_bound":4459842.833521962,"upper_bound":7398254.176154733},"point_estimate":5577302.896583078,"standard_error":753393.4253942801},"slope":null,"std_dev":{"confidence_interval":{"confidence_level":0.95,"lower_bound":5050681.514198215,"upper_bound":6423102.109973028},"point_estimate":5788167.549919662,"standard_error":348757.77263274917}}