{"mean":{"confidence_interval":{"confidence_level":0.95,"lower_bound":31078048.514125,"upper_bound":34564007.4475},"point_estimate":32795116.88,"standard_error":890694.2089860193},"median":{"confidence_interval":{"confidence_level":0.95,"lower_bound":31298514.25,"upper_bound":33919554.0},"point_estimate":32565339.5,"standard_error":659616.4258893881},"median_abs_dev":{"confidence_interval":{"confidence_level":0.95,"lower_bound":5418677.659794243,"upper_bound":10724216.039957106},"point_estimate":8157964.471717179,"standard_error":1372655.6682830683},"slope":null,"std_dev":{"confidence_interval":{"confidence_level":0.95,"lower_bound":7514524.299681389,"upper_bound":10182656.215248175},"point_estimate":8930429.890830329,"standard_error":681271.5453967118}}