{"mean":{"confidence_interval":{"confidence_level":0.95,"lower_bound":21522646.498875003,"upper_bound":22841777.74525},"point_estimate":22155999.775,"standard_error":336066.2492906441},"median":{"confidence_interval":{"confidence_level":0.95,"lower_bound":20737460.75,"upper_bound":21308326.0},"point_estimate":20991345.5,"standard_error":138726.88739305313},"median_abs_dev":{"confidence_interval":{"confidence_level":0.95,"lower_bound":1144592.3838794231,"upper_bound":2523066.3962066174},"point_estimate":1838416.1837115884,"standard_error":375653.7264642668},"slope":null,"std_dev":{"confidence_interval":{"confidence_level":0.95,"lower_bound":2574465.872509697,"upper_bound":4093128.862510366},"point_estimate":3381891.422312355,"standard_error":389088.7167787259}}