{"mean":{"confidence_interval":{"confidence_level":0.95,"lower_bound":16735760.966583336,"upper_bound":18964892.41433332},"point_estimate":17829244.726666667,"standard_error":569785.4367563495},"median":{"confidence_interval":{"confidence_level":0.95,"lower_bound":15443228.333333334,"upper_bound":18766585.166666664},"point_estimate":16263524.333333334,"standard_error":750428.1132794783},"median_abs_dev":{"confidence_interval":{"confidence_level":0.95,"lower_bound":4320508.335095644,"upper_bound":6775972.867402434},"point_estimate":5950318.131160735,"standard_error":622137.5271361613},"slope":null,"std_dev":{"confidence_interval":{"confidence_level":0.95,"lower_bound":4857633.313272457,"upper_bound":6544516.991101016},"point_estimate":5736524.2606179,"standard_error":430361.6241585883}}