{"mean":{"confidence_interval":{"confidence_level":0.95,"lower_bound":28659075.46325,"upper_bound":32654645.640249997},"point_estimate":30614638.075,"standard_error":1022341.9603579809},"median":{"confidence_interval":{"confidence_level":0.95,"lower_bound":27993907.5,"upper_bound":31906643.25},"point_estimate":30516730.75,"standard_error":1043838.0982088232},"median_abs_dev":{"confidence_interval":{"confidence_level":0.95,"lower_bound":7226258.618058264,"upper_bound":11090171.751210093},"point_estimate":8674068.271404505,"standard_error":1011990.1197561525},"slope":null,"std_dev":{"confidence_interval":{"confidence_level":0.95,"lower_bound":8451234.229477677,"upper_bound":11984770.091097333},"point_estimate":10286792.399720661,"standard_error":902172.6779706334}}