{"mean":{"confidence_interval":{"confidence_level":0.95,"lower_bound":24620401.480875,"upper_bound":28241480.555375},"point_estimate":26398257.375,"standard_error":924650.3655663803},"median":{"confidence_interval":{"confidence_level":0.95,"lower_bound":22827205.25,"upper_bound":27614909.0},"point_estimate":24395859.0,"standard_error":1175502.7748728793},"median_abs_dev":{"confidence_interval":{"confidence_level":0.95,"lower_bound":6301448.6797281755,"upper_bound":11710411.519798636},"point_estimate":8928955.00562936,"standard_error":1422080.71713901},"slope":null,"std_dev":{"confidence_interval":{"confidence_level":0.95,"lower_bound":7843955.669401317,"upper_bound":10600378.029670885},"point_estimate":9282273.833948093,"standard_error":705263.9171717083}}