{"mean":{"confidence_interval":{"confidence_level":0.95,"lower_bound":125873.89302360144,"upper_bound":132106.5802562486},"point_estimate":128825.39727017737,"standard_error":1595.4014091647962},"median":{"confidence_interval":{"confidence_level":0.95,"lower_bound":121792.38942307692,"upper_bound":129272.93459821428},"point_estimate":125363.25679124417,"standard_error":2154.6342565817845},"median_abs_dev":{"confidence_interval":{"confidence_level":0.95,"lower_bound":9403.198017730923,"upper_bound":15191.565658117417},"point_estimate":12465.725231074182,"standard_error":1486.3988261194447},"slope":{"confidence_interval":{"confidence_level":0.95,"lower_bound":126664.98525164126,"upper_bound":137379.53386871444},"point_estimate":131567.12718560663,"standard_error":2750.52881930217},"std_dev":{"confidence_interval":{"confidence_level":0.95,"lower_bound":11357.196826596868,"upper_bound":20267.84135027089},"point_estimate":15995.791691568154,"standard_error":2281.7289871365147}}