{"mean":{"confidence_interval":{"confidence_level":0.95,"lower_bound":18663951.9265,"upper_bound":20900058.430000003},"point_estimate":19772094.14333333,"standard_error":571145.1486676052},"median":{"confidence_interval":{"confidence_level":0.95,"lower_bound":17165457.666666664,"upper_bound":21553890.666666664},"point_estimate":19131926.0,"standard_error":1397048.5879274972},"median_abs_dev":{"confidence_interval":{"confidence_level":0.95,"lower_bound":4329580.3643345805,"upper_bound":7087489.113771912},"point_estimate":6150749.091902376,"standard_error":683196.0683042728},"slope":null,"std_dev":{"confidence_interval":{"confidence_level":0.95,"lower_bound":4919997.302433798,"upper_bound":6526973.794864863},"point_estimate":5761796.274349576,"standard_error":409689.28424741887}}