{"mean":{"confidence_interval":{"confidence_level":0.95,"lower_bound":14677422.0140625,"upper_bound":15150061.79125},"point_estimate":14905072.23,"standard_error":120774.5759895141},"median":{"confidence_interval":{"confidence_level":0.95,"lower_bound":14287123.0,"upper_bound":14757123.5},"point_estimate":14574978.375,"standard_error":115606.70800407045},"median_abs_dev":{"confidence_interval":{"confidence_level":0.95,"lower_bound":605569.7522683633,"upper_bound":1106532.7452801168},"point_estimate":965878.6711022258,"standard_error":135887.80131877985},"slope":null,"std_dev":{"confidence_interval":{"confidence_level":0.95,"lower_bound":958959.256329083,"upper_bound":1440699.4717510617},"point_estimate":1217078.475498528,"standard_error":123186.15840538296}}